question,type,choix,reponse,explication,lecon,lien_lecon,description
"Un salaire net passe de 1 800 € à 1 980 € par mois. De combien augmente-t-il, en pourcentage ?",nombre,,10,"La hausse vaut 1 980 − 1 800 = 180 €. Rapportée à la valeur de départ : 180 / 1 800 = 0,10, soit 10 %. La base d'un taux de variation est toujours la valeur initiale, jamais la valeur finale.",,,Sans calculatrice
"Une voiture consomme 6 litres aux 100 km. Combien consomme-t-elle sur un trajet de 250 km, en litres ?",nombre,,15,"6 × 2,5 = 15. Une consommation aux 100 km est une proportion : on multiplie par le nombre de centaines de kilomètres.",,,
"Un plein de 45 litres est facturé 1,85 € le litre. Quel est le montant, en euros ?",nombre,,83.25,"45 × 1,85 = 83,25. Décomposer aide : 45 × 1,85 = 45 × 2 − 45 × 0,15 = 90 − 6,75.",,,Sans calculatrice
"Une recette prévue pour 4 personnes demande 300 g de riz. Combien faut-il pour 7 personnes, en grammes ?",nombre,,525,"300 / 4 = 75 g par personne, puis 75 × 7 = 525 g. C'est une quatrième proportionnelle : on passe par la valeur unitaire.",,,
"Un train parcourt 30 km en 20 minutes. Quelle est sa vitesse moyenne, en km/h ?",nombre,,90,"20 minutes valent un tiers d'heure, donc la distance parcourue en une heure vaut 30 × 3 = 90 km. Diviser 30 par 20 donnerait des km par minute, pas des km/h.",,,Attention aux unités
"Un élève obtient 12 avec un coefficient 3, et 8 avec un coefficient 1. Quelle est sa moyenne ?",nombre,,11,"(12 × 3 + 8 × 1) / (3 + 1) = (36 + 8) / 4 = 11. Une moyenne pondérée se divise par la somme des coefficients, pas par le nombre de notes.",,,
"Un manteau à 120 € est soldé de 30 %, puis une remise supplémentaire de 10 % est appliquée en caisse sur le prix déjà soldé. Quel est le prix final, en euros ?",nombre,,75.6,"120 × 0,70 = 84, puis 84 × 0,90 = 75,60. Les deux remises ne s'additionnent pas : la seconde porte sur un prix déjà réduit. Cumuler 30 + 10 donnerait 72 €, soit 3,60 € de moins que la réalité.",,,Sans calculatrice
"Un prix augmente de 20 %, puis baisse de 20 %. Que vaut le prix final ?",choix,"Exactement le prix de départ | 4 % de moins que le prix de départ | 4 % de plus que le prix de départ | Cela dépend du prix de départ",4 % de moins que le prix de départ,"1,20 × 0,80 = 0,96, soit une baisse nette de 4 %, et ce quel que soit le prix de départ. Les deux variations portent sur des bases différentes : la baisse s'applique à un prix déjà majoré.",,,Le piège classique
"Le taux de chômage d'une région passe de 8 % à 10 %. Comment le décrire correctement ?",choix,"Une hausse de 2 % | Une hausse de 2 points soit 25 % de plus | Une hausse de 20 % | Une hausse de 25 points",Une hausse de 2 points soit 25 % de plus,"L'écart entre deux pourcentages se dit en POINTS : 10 − 8 = 2 points. La variation relative, elle, vaut 2 / 8 = 25 %. Dire « une hausse de 2 % » confond les deux et sous-estime le phénomène.",,,Points ou pourcents
"Un commerçant achète un article 40 € et le revend 50 €. Quel est son taux de marge sur le prix de vente ?",choix,"20 % | 25 % | 10 % | 80 %",20 %,"La marge vaut 10 €. Rapportée au prix de VENTE : 10 / 50 = 20 %. Rapportée au prix d'ACHAT, elle vaudrait 10 / 40 = 25 % : c'est le taux de marque. Les deux chiffres sont justes, mais ils ne répondent pas à la même question.",,,Commerce
"Trois ouvriers posent 120 m² de carrelage en 5 jours. Au même rythme, combien cinq ouvriers poseraient-ils en 8 jours ?",choix,"320 m² | 200 m² | 192 m² | 240 m²",320 m²,"Le rythme unitaire vaut 120 / (3 × 5) = 8 m² par ouvrier et par jour. Donc 8 × 5 × 8 = 320 m². Les valeurs 200 et 192 viennent d'une seule des deux proportionnalités, appliquée isolément.",,,Double proportionnalité
"Un article est affiché 240 € TTC, avec une TVA de 20 %. Quel est son prix hors taxes ?",choix,"200 € | 192 € | 288 € | 220 €",200 €,"Le prix TTC vaut le prix HT multiplié par 1,20, donc HT = 240 / 1,20 = 200 €. Retirer 20 % du TTC donnerait 192 € : c'est l'erreur de base, car les 20 % se calculent sur le HT, pas sur le TTC.",,,Le sens du calcul compte
"Un budget mensuel de 2 400 € consacre 35 % au loyer. Combien cela fait-il de loyer sur une année ?",choix,"10 080 € | 840 € | 8 400 € | 28 800 €",10 080 €,"2 400 × 0,35 = 840 € par mois, puis 840 × 12 = 10 080 € par an. La réponse 840 € oublie l'année, et 28 800 € est le budget annuel total, pas le loyer.",,,
"Un magasin vend 3 savons pour 5 €, un autre 5 savons pour 8 €. Lequel est le moins cher à l'unité ?",choix,"Le premier magasin | Le second magasin | Les deux au même prix | Impossible à comparer",Le second magasin,"5 / 3 ≈ 1,67 € l'unité contre 8 / 5 = 1,60 €. Pour comparer deux offres, il faut les ramener à une base commune : ici, le prix d'un seul savon.",,,
"Une ville de 25 000 habitants croît de 2 % par an. Combien d'habitants après deux ans ?",nombre,,26010,"25 000 × 1,02 × 1,02 = 25 000 × 1,0404 = 26 010. Ajouter deux fois 2 % du chiffre initial donnerait 26 000 : c'est oublier que la seconde hausse porte sur la population déjà augmentée.",,,Arrondir à l'unité
"Une équipe de 5 personnes travaille 8 heures par jour, 20 jours par mois. Combien d'heures de travail cela représente-t-il par mois ?",nombre,,800,"5 × 8 × 20 = 800 heures. C'est l'ordre de grandeur qui compte ici : une équipe de cinq personnes, c'est environ un millier d'heures par mois, donc environ dix mille heures par an.",,,Ordre de grandeur
"Un cœur bat environ 70 fois par minute. Combien de battements cela fait-il en une journée ?",choix,"Environ 10 000 | Environ 100 000 | Environ 1 million | Environ 10 millions",Environ 100 000,"70 × 60 = 4 200 par heure, puis 4 200 × 24 ≈ 100 800. On raisonne en puissances de dix : 70 × 60 vaut environ 4 × 10^3, multiplié par 24 on reste sous 10^5.",,,Ordre de grandeur
"Le nombre d'abonnés passe de 400 à 500, puis de 500 à 600. Que dire de ces deux hausses ?",choix,"Elles sont identiques en pourcentage | La seconde est plus forte en pourcentage | La première est plus forte en pourcentage | On ne peut pas les comparer",La première est plus forte en pourcentage,"Les deux hausses valent 100 abonnés, mais 100 / 400 = 25 % et 100 / 500 = 20 %. À gain absolu constant, le taux de croissance diminue à mesure que la base grandit.",,,
"Un service facture 8 € par client et supporte 3 € de coût variable par client, plus 2 000 € de charges fixes par mois. Combien de clients faut-il par mois pour équilibrer ?",nombre,,400,"Chaque client rapporte 8 − 3 = 5 € une fois son coût couvert. Il faut donc 2 000 / 5 = 400 clients pour absorber les charges fixes. Diviser 2 000 par 8 donnerait 250 et oublierait le coût variable.",,,Seuil de rentabilité
"Sur une facture de 1 260 € TTC, la TVA à 20 % représente quel montant, en euros ?",nombre,,210,"Le HT vaut 1 260 / 1,20 = 1 050 €, donc la TVA vaut 1 260 − 1 050 = 210 €. Autrement dit, la TVA représente 1/6 du TTC quand le taux est de 20 %, et non 20 % du TTC.",,,Vérifier sa base
